module_a,module_b,sessions_together
.claude/skills,.claude/work-queue,25
.claude/skills,/home,24
.claude/skills,scripts/work-queue,24
.claude/work-queue,scripts/work-queue,24
.claude/skills,/tmp,24
.claude/work-queue,/home,23
.claude/work-queue,/tmp,23
.claude/skills,/mnt,23
/home,scripts/work-queue,22
/home,/tmp,22
/tmp,scripts/work-queue,22
.claude/work-queue,/mnt,22
/mnt,/tmp,22
/home,/mnt,21
/mnt,scripts/work-queue,21
.claude/skills,scripts/review,19
.claude/skills,specs/modules,19
.claude/work-queue,scripts/review,19
.claude/work-queue,specs/modules,19
scripts/work-queue,specs/modules,19
.claude/skills,specs/wrk,19
.claude/work-queue,specs/wrk,19
scripts/work-queue,specs/wrk,19
/home,scripts/review,18
/home,specs/modules,18
scripts/review,scripts/work-queue,18
/tmp,scripts/review,18
/home,specs/wrk,18
/mnt,specs/wrk,18
/tmp,specs/wrk,18
/mnt,specs/modules,18
/mnt,scripts/review,17
.claude/skills,scripts,17
/mnt,scripts,17
/tmp,scripts,17
/tmp,specs/modules,17
.claude/skills,tests/work-queue,16
.claude/work-queue,scripts,16
.claude/work-queue,tests/work-queue,16
/home,scripts,16
/mnt,tests/work-queue,16
scripts,scripts/work-queue,16
scripts/work-queue,tests/work-queue,16
specs/modules,specs/wrk,16
.claude/skills,scripts/data,16
/mnt,scripts/data,16
.claude/docs,.claude/skills,15
.claude/docs,.claude/work-queue,15
.claude/docs,scripts/work-queue,15
.claude/hooks,.claude/skills,15
.claude/hooks,.claude/work-queue,15
.claude/hooks,scripts/work-queue,15
.claude/settings.json,.claude/skills,15
.claude/settings.json,.claude/work-queue,15
.claude/settings.json,/mnt,15
.claude/settings.json,scripts/work-queue,15
.claude/skills,digitalmodel/tests,15
/mnt,digitalmodel/tests,15
/tmp,tests/work-queue,15
.claude/work-queue,scripts/data,15
/home,scripts/data,15
/tmp,scripts/data,15
scripts/data,scripts/work-queue,15
.claude/docs,/home,14
scripts/review,specs/modules,14
.claude/docs,/tmp,14
.claude/rules,.claude/skills,14
.claude/rules,.claude/work-queue,14
.claude/rules,/tmp,14
.claude/rules,scripts/work-queue,14
.claude/settings.json,/tmp,14
.claude/settings.json,specs/wrk,14
.claude/skills,.claude/state,14
.claude/state,/tmp,14
.claude/skills,digitalmodel/src,14
.claude/skills,scripts/agents,14
.claude/work-queue,digitalmodel/tests,14
.claude/work-queue,scripts/agents,14
/home,digitalmodel/tests,14
/home,tests/work-queue,14
/mnt,digitalmodel/src,14
/mnt,scripts/agents,14
/tmp,digitalmodel/tests,14
/tmp,scripts/agents,14
digitalmodel/src,digitalmodel/tests,14
digitalmodel/tests,scripts/work-queue,14
scripts,scripts/agents,14
scripts,scripts/review,14
scripts/agents,scripts/work-queue,14
scripts/review,tests/work-queue,14
specs/wrk,tests/work-queue,14
scripts,specs/modules,14
specs/modules,tests/work-queue,14
scripts/data,specs/modules,14
.claude/docs,scripts/review,13
.claude/docs,specs/modules,13
.claude/hooks,/home,13
.claude/hooks,specs/modules,13
.claude/hooks,/tmp,13
.claude/rules,/home,13
